Contraction.avg_deg,Contraction.error_status,Contraction.in_n,Contraction.largest_clique,Contraction.max_deg,Contraction.out_n,Contraction.time,GraphInput.error_status,GraphInput.girg_options,GraphInput.graph,GraphInput.m,GraphInput.n,GraphInput.n_gen,GraphInput.option,GraphInput.time,GraphStats.avg_deg,GraphStats.deg_cov,GraphStats.error_status,GraphStats.largest_clique,GraphStats.num_cliques,GraphStats.sum_clique_sizes,GraphStats.time,PartLargestBag.error_status,PartLargestBag.max_partition_num,PartLargestBag.max_weight,PartLargestBag.mean_partition_num,PartLargestBag.median_partition_num,PartLargestBag.num_branching_max,PartLargestBag.num_branching_mean,PartLargestBag.num_branching_median,PartLargestBag.num_branching_sum,PartLargestBag.num_clq_red,PartLargestBag.num_lb2_reductions_max,PartLargestBag.num_lb2_reductions_mean,PartLargestBag.num_lb2_reductions_median,PartLargestBag.num_lb2_reductions_sum,PartLargestBag.num_lb_reductions_max,PartLargestBag.num_lb_reductions_mean,PartLargestBag.num_lb_reductions_median,PartLargestBag.num_lb_reductions_sum,PartLargestBag.num_leaves_max,PartLargestBag.num_leaves_mean,PartLargestBag.num_leaves_median,PartLargestBag.num_leaves_sum,PartLargestBag.num_sw_reductions_max,PartLargestBag.num_sw_reductions_mean,PartLargestBag.num_sw_reductions_median,PartLargestBag.num_sw_reductions_sum,PartLargestBag.partition_option,PartLargestBag.status,PartLargestBag.time,Partition.AssignVertices.error_status,Partition.AssignVertices.option,Partition.AssignVertices.time,Partition.MaximalIS.error_status,Partition.MaximalIS.option,Partition.MaximalIS.size,Partition.MaximalIS.time,Partition.amount,Partition.average,Partition.error_status,Partition.hs_size,Partition.largest,Partition.lower_bound,Partition.median,Partition.num_branching,Partition.num_dead_end,Partition.num_lb2_reductions,Partition.num_lb_reductions,Partition.num_leaves,Partition.num_long_paths,Partition.num_sw_reductions,Partition.option,Partition.product_weight,Partition.smallest,Partition.status,Partition.time,PartitionBags.error_status,PartitionBags.max_partition_num,PartitionBags.max_weight,PartitionBags.mean_partition_num,PartitionBags.median_partition_num,PartitionBags.num_branching_max,PartitionBags.num_branching_mean,PartitionBags.num_branching_median,PartitionBags.num_branching_sum,PartitionBags.num_clq_red,PartitionBags.num_lb2_reductions_max,PartitionBags.num_lb2_reductions_mean,PartitionBags.num_lb2_reductions_median,PartitionBags.num_lb2_reductions_sum,PartitionBags.num_lb_reductions_max,PartitionBags.num_lb_reductions_mean,PartitionBags.num_lb_reductions_median,PartitionBags.num_lb_reductions_sum,PartitionBags.num_leaves_max,PartitionBags.num_leaves_mean,PartitionBags.num_leaves_median,PartitionBags.num_leaves_sum,PartitionBags.num_sw_reductions_max,PartitionBags.num_sw_reductions_mean,PartitionBags.num_sw_reductions_median,PartitionBags.num_sw_reductions_sum,PartitionBags.partition_option,PartitionBags.status,PartitionBags.time,Treewidth.error_status,Treewidth.num_bags,Treewidth.option,Treewidth.status,Treewidth.time,Treewidth.treewidth,WeightedTreewidth.elimination_width,WeightedTreewidth.error_status,WeightedTreewidth.option,WeightedTreewidth.time,WeightedTreewidth.time_elimination_game,WeightedTreewidth.treewidth,error_status,option,time
,,,,,,,none,alpha=2.5 d=1 deg=10 ple=2.5 seed=1268 type=girg,,2476,497,500,GirgGen,0.007873,,,,,,,,,,,,,,,,,,,,,,,,,,,,,,,,,,,,,,,,,,,,,,,,,,,,,,,,,,,,,,,none,7,10.459431618637296,1.9346846846846846,2.0,94,2.89247311827957,1.0,807,165,0,0.0,0.0,0,205,4.222222222222222,0.0,1178,419,12.992831541218639,4.0,3625,0,0.0,0.0,0,Partition(BranchingPartition),success,0.184638,none,444,HTD,,0.019151,18,,,,,,,none,PartitionTreedec,0.213634
,,,,,,,none,alpha=2.5 d=1 deg=10 ple=2.5 seed=1268 type=girg,,2476,497,500,GirgGen,0.008796,,,,,,,,,,,,,,,,,,,,,,,,,,,,,,,,,,,,,,,,,,,,,,,,,,,,,,,,,,,,,,,none,7,10.459431618637296,2.0045045045045047,2.0,94,1.6344086021505377,1.0,456,165,0,0.0,0.0,0,205,2.025089605734767,0.0,565,419,5.774193548387097,2.0,1611,4,0.6845878136200717,1.0,191,Partition(BranchingPartition),success,0.102374,none,444,HTD,,0.041679,18,,,,,,,none,PartitionTreedec,0.154851
,,,,,,,none,alpha=2.5 d=1 deg=10 ple=2.5 seed=1268 type=girg,,2476,497,500,GirgGen,0.008933,,,,,,,,,,,,,,,,,,,,,,,,,,,,,,,,,,,,,,,,,,,,,,,,,,,,,,,,,,,,,,,none,7,10.459431618637296,1.9346846846846846,2.0,4966,27.14336917562724,1.0,7573,165,0,0.0,0.0,0,0,0.0,0.0,0,16849,92.56989247311827,4.0,25827,0,0.0,0.0,0,Partition(BranchingPartition),success,0.753766,none,444,HTD,,0.03547,18,,,,,,,none,PartitionTreedec,0.800104
,,,,,,,none,alpha=2.5 d=1 deg=10 ple=2.5 seed=1268 type=girg,,2476,497,500,GirgGen,0.007824,,,,,,,,,,,,,,,,,,,,,,,,,,,,,,,,,,,,,,,,,,,,,,,,,,,,,,,,,,,,,,,none,7,10.459431618637296,2.0045045045045047,2.0,69,1.2114695340501793,1.0,338,165,40,0.3333333333333333,0.0,93,75,0.7526881720430108,0.0,210,287,3.996415770609319,2.0,1115,4,0.6845878136200717,1.0,191,Partition(BranchingPartition),success,0.096046,none,444,HTD,,0.062362,18,,,,,,,none,PartitionTreedec,0.168257
,,,,,,,none,alpha=2.5 d=1 deg=10 ple=2.5 seed=1268 type=girg,,2476,497,500,GirgGen,0.009169,,,,,,,,,,,,,,,,,,,,,,,,,,,,,,,,,,,,,,,,,,,,,,,,,,,,,,,,,,,,,,,none,7,10.459431618637296,1.9346846846846846,2.0,69,1.6523297491039426,1.0,461,165,40,1.086021505376344,0.0,303,75,1.6881720430107527,0.0,471,287,8.200716845878135,4.0,2288,0,0.0,0.0,0,Partition(BranchingPartition),success,0.327345,none,444,HTD,,0.019953,18,,,,,,,none,PartitionTreedec,0.35849
,,,,,,,none,alpha=2.5 d=1 deg=10 ple=2.5 seed=1268 type=girg,,2476,497,500,GirgGen,0.011922,,,,,,,,,,,,,,,,,,,,,,,,,,,,,,,,,,,,,,,,,,,,,,,,,,,,,,,,,,,,,,,none,7,10.459431618637296,2.0045045045045047,2.0,4966,22.025089605734767,1.0,6145,165,0,0.0,0.0,0,0,0.0,0.0,0,16849,73.02508960573476,2.0,20374,4,0.6845878136200717,1.0,191,Partition(BranchingPartition),success,0.580092,none,444,HTD,,0.087488,18,,,,,,,none,PartitionTreedec,0.681502
,,,,,,,none,alpha=2.5 d=1 deg=10 ple=2.5 seed=1269 type=girg,,2445,499,500,GirgGen,0.020519,,,,,,,,,,,,,,,,,,,,,,,,,,,,,,,,,,,,,,,,,,,,,,,,,,,,,,,,,,,,,,,none,8,13.246740598493142,2.4887387387387387,2.0,348,2.330188679245283,1.0,741,126,477,1.5,0.0,477,554,1.7421383647798743,0.0,554,1799,7.889937106918239,2.0,2509,6,1.2358490566037736,1.0,393,Partition(BranchingPartition),success,0.145524,none,444,HTD,,0.05571,20,,,,,,,none,PartitionTreedec,0.223765
,,,,,,,none,alpha=2.5 d=1 deg=10 ple=2.5 seed=1269 type=girg,,2445,499,500,GirgGen,0.007998,,,,,,,,,,,,,,,,,,,,,,,,,,,,,,,,,,,,,,,,,,,,,,,,,,,,,,,,,,,,,,,none,8,13.246740598493142,2.4887387387387387,2.0,1226,5.091194968553459,1.0,1619,126,0,0.0,0.0,0,4218,13.264150943396226,0.0,4218,6282,21.9874213836478,2.0,6992,6,1.2358490566037736,1.0,393,Partition(BranchingPartition),success,0.242957,none,444,HTD,,0.019567,20,,,,,,,none,PartitionTreedec,0.273482
,,,,,,,none,alpha=2.5 d=1 deg=10 ple=2.5 seed=1269 type=girg,,2445,499,500,GirgGen,0.009601,,,,,,,,,,,,,,,,,,,,,,,,,,,,,,,,,,,,,,,,,,,,,,,,,,,,,,,,,,,,,,,none,7,13.246740598493142,2.3873873873873874,2.0,348,7.90566037735849,1.0,2514,126,477,7.984276729559748,0.0,2539,574,11.858490566037736,0.0,3771,1799,38.632075471698116,5.0,12285,0,0.0,0.0,0,Partition(BranchingPartition),success,0.530377,none,444,HTD,,0.019998,20,,,,,,,none,PartitionTreedec,0.561994
,,,,,,,none,alpha=2.5 d=1 deg=10 ple=2.5 seed=1269 type=girg,,2445,499,500,GirgGen,0.008018,,,,,,,,,,,,,,,,,,,,,,,,,,,,,,,,,,,,,,,,,,,,,,,,,,,,,,,,,,,,,,,none,7,13.246740598493142,2.3873873873873874,2.0,1226,19.5188679245283,1.0,6207,126,0,0.0,0.0,0,4218,47.18238993710692,0.0,15004,6282,89.28301886792453,5.0,28392,0,0.0,0.0,0,Partition(BranchingPartition),success,0.807368,none,444,HTD,,0.020035,20,,,,,,,none,PartitionTreedec,0.837436
,,,,,,,none,alpha=2.5 d=1 deg=10 ple=2.5 seed=1269 type=girg,,2445,499,500,GirgGen,0.012417,,,,,,,,,,,,,,,,,,,,,,,,,,,,,,,,,,,,,,,,,,,,,,,,,,,,,,,,,,,,,,,none,8,13.246740598493142,2.4887387387387387,2.0,58638,185.6320754716981,1.0,59031,126,0,0.0,0.0,0,0,0.0,0.0,0,182444,575.9559748427673,2.0,183154,6,1.2358490566037736,1.0,393,Partition(BranchingPartition),success,4.974066,none,444,HTD,,0.025697,20,,,,,,,none,PartitionTreedec,5.014169
,,,,,,,none,alpha=2.5 d=1 deg=10 ple=2.5 seed=1269 type=girg,,2445,499,500,GirgGen,0.008597,,,,,,,,,,,,,,,,,,,,,,,,,,,,,,,,,,,,,,,,,,,,,,,,,,,,,,,,,,,,,,,none,7,13.246740598493142,2.3873873873873874,2.0,58638,360.05974842767296,1.0,114499,126,0,0.0,0.0,0,0,0.0,0.0,0,182444,1156.7830188679245,5.0,367857,0,0.0,0.0,0,Partition(BranchingPartition),success,10.232686,none,444,HTD,,0.018577,20,,,,,,,none,PartitionTreedec,10.261819
,,,,,,,none,alpha=2.5 d=1 deg=10 ple=2.5 seed=1270 type=girg,,2485,498,500,GirgGen,0.009025,,,,,,,,,,,,,,,,,,,,,,,,,,,,,,,,,,,,,,,,,,,,,,,,,,,,,,,,,,,,,,,none,8,12.688250309133178,2.298876404494382,2.0,141,1.5662251655629138,1.0,473,143,0,0.0,0.0,0,746,2.513245033112583,0.0,759,961,5.360927152317881,2.0,1619,6,1.0728476821192052,1.0,324,Partition(BranchingPartition),success,0.118603,none,445,HTD,,0.042614,23,,,,,,,none,PartitionTreedec,0.172219
,,,,,,,none,alpha=2.5 d=1 deg=10 ple=2.5 seed=1270 type=girg,,2485,498,500,GirgGen,0.0207,,,,,,,,,,,,,,,,,,,,,,,,,,,,,,,,,,,,,,,,,,,,,,,,,,,,,,,,,,,,,,,none,8,12.688250309133178,2.298876404494382,2.0,59,1.294701986754967,1.0,391,143,68,0.2251655629139073,0.0,68,242,0.8443708609271523,0.0,255,425,3.5860927152317883,2.0,1083,6,1.0728476821192052,1.0,324,Partition(BranchingPartition),success,0.105803,none,445,HTD,,0.020013,23,,,,,,,none,PartitionTreedec,0.148538
,,,,,,,none,alpha=2.5 d=1 deg=10 ple=2.5 seed=1270 type=girg,,2485,498,500,GirgGen,0.008388,,,,,,,,,,,,,,,,,,,,,,,,,,,,,,,,,,,,,,,,,,,,,,,,,,,,,,,,,,,,,,,none,7,12.688250309133178,2.1707865168539326,2.0,711,7.099337748344371,1.0,2144,143,154,4.16887417218543,0.0,1259,242,7.496688741721854,0.0,2264,2413,31.894039735099337,4.0,9632,0,0.0,0.0,0,Partition(BranchingPartition),success,0.368366,none,445,HTD,,0.036509,23,,,,,,,none,PartitionTreedec,0.415278
,,,,,,,none,alpha=2.5 d=1 deg=10 ple=2.5 seed=1270 type=girg,,2485,498,500,GirgGen,0.040985,,,,,,,,,,,,,,,,,,,,,,,,,,,,,,,,,,,,,,,,,,,,,,,,,,,,,,,,,,,,,,,none,7,12.688250309133178,2.1707865168539326,2.0,780,12.036423841059603,1.0,3635,143,0,0.0,0.0,0,793,22.983443708609272,0.0,6941,2698,53.728476821192054,4.0,16226,0,0.0,0.0,0,Partition(BranchingPartition),success,0.512713,none,445,HTD,,0.045814,23,,,,,,,none,PartitionTreedec,0.601508
,,,,,,,none,alpha=2.5 d=1 deg=10 ple=2.5 seed=1270 type=girg,,2485,498,500,GirgGen,0.032634,,,,,,,,,,,,,,,,,,,,,,,,,,,,,,,,,,,,,,,,,,,,,,,,,,,,,,,,,,,,,,,none,8,12.688250309133178,2.298876404494382,2.0,18694,63.109271523178805,1.0,19059,143,0,0.0,0.0,0,0,0.0,0.0,0,62761,210.3476821192053,2.0,63525,6,1.0728476821192052,1.0,324,Partition(BranchingPartition),success,1.81053,none,445,HTD,,0.030652,23,,,,,,,none,PartitionTreedec,1.875832
,,,,,,,none,alpha=2.5 d=1 deg=10 ple=2.5 seed=1270 type=girg,,2485,498,500,GirgGen,0.009152,,,,,,,,,,,,,,,,,,,,,,,,,,,,,,,,,,,,,,,,,,,,,,,,,,,,,,,,,,,,,,,none,7,12.688250309133178,2.1707865168539326,2.0,18694,150.01986754966887,1.0,45306,143,0,0.0,0.0,0,0,0.0,0.0,0,62761,503.0298013245033,4.0,151915,0,0.0,0.0,0,Partition(BranchingPartition),success,4.31018,none,445,HTD,,0.019715,23,,,,,,,none,PartitionTreedec,4.341224
,,,,,,,none,alpha=2.5 d=1 deg=10 ple=2.5 seed=1271 type=girg,,2497,498,500,GirgGen,0.010059,,,,,,,,,,,,,,,,,,,,,,,,,,,,,,,,,,,,,,,,,,,,,,,,,,,,,,,,,,,,,,,none,8,13.661778097771986,2.5327313769751694,2.0,615,3.340909090909091,1.0,1029,135,0,0.0,0.0,0,2735,8.87987012987013,0.0,2735,3620,14.094155844155845,2.0,4341,6,1.344155844155844,1.0,414,Partition(BranchingPartition),success,0.211134,none,443,HTD,,0.034855,24,,,,,,,none,PartitionTreedec,0.25808
,,,,,,,none,alpha=2.5 d=1 deg=10 ple=2.5 seed=1271 type=girg,,2497,498,500,GirgGen,0.008613,,,,,,,,,,,,,,,,,,,,,,,,,,,,,,,,,,,,,,,,,,,,,,,,,,,,,,,,,,,,,,,none,8,13.661778097771986,2.5327313769751694,2.0,178,1.922077922077922,1.0,592,135,304,0.987012987012987,0.0,304,808,2.6233766233766236,0.0,808,1326,6.646103896103896,2.0,2047,6,1.344155844155844,1.0,414,Partition(BranchingPartition),success,0.146485,none,443,HTD,,0.019216,24,,,,,,,none,PartitionTreedec,0.176364
,,,,,,,none,alpha=2.5 d=1 deg=10 ple=2.5 seed=1271 type=girg,,2497,498,500,GirgGen,0.016776,,,,,,,,,,,,,,,,,,,,,,,,,,,,,,,,,,,,,,,,,,,,,,,,,,,,,,,,,,,,,,,none,7,13.661778097771986,2.395033860045147,2.0,938,26.243506493506494,1.0,8083,135,0,0.0,0.0,0,2847,75.92532467532467,0.0,23385,4640,129.6038961038961,4.0,39918,0,0.0,0.0,0,Partition(BranchingPartition),success,1.188523,none,443,HTD,,0.019947,24,,,,,,,none,PartitionTreedec,1.227224
,,,,,,,none,alpha=2.5 d=1 deg=10 ple=2.5 seed=1271 type=girg,,2497,498,500,GirgGen,0.008143,,,,,,,,,,,,,,,,,,,,,,,,,,,,,,,,,,,,,,,,,,,,,,,,,,,,,,,,,,,,,,,none,7,13.661778097771986,2.395033860045147,2.0,299,10.38961038961039,1.0,3200,135,567,12.772727272727273,0.0,3934,947,23.88961038961039,0.0,7358,1930,58.40909090909091,4.0,17990,0,0.0,0.0,0,Partition(BranchingPartition),success,0.681735,none,443,HTD,,0.034173,24,,,,,,,none,PartitionTreedec,0.726113
,,,,,,,none,alpha=2.5 d=1 deg=10 ple=2.5 seed=1271 type=girg,,2497,498,500,GirgGen,0.011259,,,,,,,,,,,,,,,,,,,,,,,,,,,,,,,,,,,,,,,,,,,,,,,,,,,,,,,,,,,,,,,none,8,13.661778097771986,2.5327313769751694,2.0,149628,487.14935064935065,1.0,150042,135,0,0.0,0.0,0,0,0.0,0.0,0,517594,1682.840909090909,2.0,518315,6,1.344155844155844,1.0,414,Partition(BranchingPartition),success,14.470241,none,443,HTD,,0.028546,24,,,,,,,none,PartitionTreedec,14.512032
,,,,,,,none,alpha=2.5 d=1 deg=10 ple=2.5 seed=1271 type=girg,,2497,498,500,GirgGen,0.019774,,,,,,,,,,,,,,,,,,,,,,,,,,,,,,,,,,,,,,,,,,,,,,,,,,,,,,,,,,,,,,,none,7,13.661778097771986,2.395033860045147,2.0,149628,1011.5324675324675,1.0,311552,135,0,0.0,0.0,0,0,0.0,0.0,0,517594,3436.012987012987,4.0,1058292,0,0.0,0.0,0,Partition(BranchingPartition),success,29.61002,none,443,HTD,,0.043495,24,,,,,,,none,PartitionTreedec,29.675354
,,,,,,,none,alpha=2.5 d=1 deg=10 ple=2.5 seed=1272 type=girg,,2432,494,500,GirgGen,0.008387,,,,,,,,,,,,,,,,,,,,,,,,,,,,,,,,,,,,,,,,,,,,,,,,,,,,,,,,,,,,,,,none,10,14.714245517666123,2.5652173913043477,2.0,485,2.8037974683544302,1.0,886,121,0,0.0,0.0,0,1971,6.237341772151899,0.0,1971,2696,10.79746835443038,2.0,3412,8,1.268987341772152,1.0,401,Partition(BranchingPartition),success,0.16601,none,437,HTD,,0.02071,24,,,,,,,none,PartitionTreedec,0.197226
,,,,,,,none,alpha=2.5 d=1 deg=10 ple=2.5 seed=1272 type=girg,,2432,494,500,GirgGen,0.008863,,,,,,,,,,,,,,,,,,,,,,,,,,,,,,,,,,,,,,,,,,,,,,,,,,,,,,,,,,,,,,,none,10,14.714245517666123,2.5652173913043477,2.0,172,1.8132911392405062,1.0,573,121,155,0.49050632911392406,0.0,155,326,1.0316455696202531,0.0,326,893,5.091772151898734,2.0,1609,8,1.268987341772152,1.0,401,Partition(BranchingPartition),success,0.127094,none,437,HTD,,0.020079,24,,,,,,,none,PartitionTreedec,0.158173
,,,,,,,none,alpha=2.5 d=1 deg=10 ple=2.5 seed=1272 type=girg,,2432,494,500,GirgGen,0.00921,,,,,,,,,,,,,,,,,,,,,,,,,,,,,,,,,,,,,,,,,,,,,,,,,,,,,,,,,,,,,,,none,9,14.714245517666123,2.4897025171624714,2.0,5528,37.436708860759495,1.0,11830,121,1627,22.417721518987342,0.0,7084,2385,38.563291139240505,0.0,12186,19304,160.70886075949366,4.0,50784,0,0.0,0.0,0,Partition(BranchingPartition),success,1.588643,none,437,HTD,,0.03093,24,,,,,,,none,PartitionTreedec,1.630933
,,,,,,,none,alpha=2.5 d=1 deg=10 ple=2.5 seed=1272 type=girg,,2432,494,500,GirgGen,0.008934,,,,,,,,,,,,,,,,,,,,,,,,,,,,,,,,,,,,,,,,,,,,,,,,,,,,,,,,,,,,,,,none,9,14.714245517666123,2.4897025171624714,2.0,6526,73.81645569620254,1.0,23326,121,0,0.0,0.0,0,9234,174.3259493670886,0.0,55087,24397,334.1867088607595,4.0,105603,0,0.0,0.0,0,Partition(BranchingPartition),success,2.790972,none,437,HTD,,0.020387,24,,,,,,,none,PartitionTreedec,2.822445
,,,,,,,none,alpha=2.5 d=1 deg=10 ple=2.5 seed=1272 type=girg,,2432,494,500,GirgGen,0.008578,,,,,,,,,,,,,,,,,,,,,,,,,,,,,,,,,,,,,,,,,,,,,,,,,,,,,,,,,,,,,,,none,10,14.714245517666123,2.5652173913043477,2.0,90634,288.0854430379747,1.0,91035,121,0,0.0,0.0,0,0,0.0,0.0,0,272969,866.0917721518987,2.0,273685,8,1.268987341772152,1.0,401,Partition(BranchingPartition),success,7.625319,none,437,HTD,,0.027717,24,,,,,,,none,PartitionTreedec,7.663637
,,,,,,,none,alpha=2.5 d=1 deg=10 ple=2.5 seed=1272 type=girg,,2432,494,500,GirgGen,0.009258,,,,,,,,,,,,,,,,,,,,,,,,,,,,,,,,,,,,,,,,,,,,,,,,,,,,,,,,,,,,,,,none,9,14.714245517666123,2.4897025171624714,2.0,1386173,11018.787974683544,1.0,3481937,121,0,0.0,0.0,0,0,0.0,0.0,0,4398532,34614.148734177215,4.0,10938071,0,0.0,0.0,0,Partition(BranchingPartition),success,282.245626,none,437,HTD,,0.019378,24,,,,,,,none,PartitionTreedec,282.276317
,,,,,,,none,alpha=2.5 d=1 deg=10 ple=2.5 seed=1273 type=girg,,2495,496,500,GirgGen,0.022004,,,,,,,,,,,,,,,,,,,,,,,,,,,,,,,,,,,,,,,,,,,,,,,,,,,,,,,,,,,,,,,none,8,12.85817531057549,2.2599118942731278,2.0,467,2.59,1.0,777,154,0,0.0,0.0,0,2581,8.603333333333333,0.0,2581,3183,12.64,2.0,3792,6,1.0333333333333334,1.0,310,Partition(BranchingPartition),success,0.182615,none,454,HTD,,0.021126,23,,,,,,,none,PartitionTreedec,0.227884
,,,,,,,none,alpha=2.5 d=1 deg=10 ple=2.5 seed=1273 type=girg,,2495,496,500,GirgGen,0.009113,,,,,,,,,,,,,,,,,,,,,,,,,,,,,,,,,,,,,,,,,,,,,,,,,,,,,,,,,,,,,,,none,8,12.85817531057549,2.2599118942731278,2.0,92,1.34,1.0,402,154,291,0.97,0.0,291,413,1.3766666666666667,0.0,413,819,4.76,2.0,1428,6,1.0333333333333334,1.0,310,Partition(BranchingPartition),success,0.122139,none,454,HTD,,0.027408,23,,,,,,,none,PartitionTreedec,0.160757
,,,,,,,none,alpha=2.5 d=1 deg=10 ple=2.5 seed=1273 type=girg,,2495,496,500,GirgGen,0.007994,,,,,,,,,,,,,,,,,,,,,,,,,,,,,,,,,,,,,,,,,,,,,,,,,,,,,,,,,,,,,,,none,7,12.85817531057549,2.1651982378854626,2.0,467,13.1,1.0,3930,154,0,0.0,0.0,0,2581,36.526666666666664,0.0,10958,3183,64.28,4.0,19284,0,0.0,0.0,0,Partition(BranchingPartition),success,0.575488,none,454,HTD,,0.019667,23,,,,,,,none,PartitionTreedec,0.605141
,,,,,,,none,alpha=2.5 d=1 deg=10 ple=2.5 seed=1273 type=girg,,2495,496,500,GirgGen,0.008016,,,,,,,,,,,,,,,,,,,,,,,,,,,,,,,,,,,,,,,,,,,,,,,,,,,,,,,,,,,,,,,none,8,12.85817531057549,2.2599118942731278,2.0,77330,258.8,1.0,77640,154,0,0.0,0.0,0,0,0.0,0.0,0,265237,886.1533333333333,2.0,265846,6,1.0333333333333334,1.0,310,Partition(BranchingPartition),success,6.908346,none,454,HTD,,0.018772,23,,,,,,,none,PartitionTreedec,6.937121
,,,,,,,none,alpha=2.5 d=1 deg=10 ple=2.5 seed=1273 type=girg,,2495,496,500,GirgGen,0.007667,,,,,,,,,,,,,,,,,,,,,,,,,,,,,,,,,,,,,,,,,,,,,,,,,,,,,,,,,,,,,,,none,7,12.85817531057549,2.1651982378854626,2.0,117,5.126666666666667,1.0,1538,154,291,6.37,0.0,1911,413,8.27,0.0,2481,819,27.116666666666667,4.0,8135,0,0.0,0.0,0,Partition(BranchingPartition),success,0.315285,none,454,HTD,,0.018764,23,,,,,,,none,PartitionTreedec,0.343627
,,,,,,,none,alpha=2.5 d=1 deg=10 ple=2.5 seed=1273 type=girg,,2495,496,500,GirgGen,0.009204,,,,,,,,,,,,,,,,,,,,,,,,,,,,,,,,,,,,,,,,,,,,,,,,,,,,,,,,,,,,,,,none,7,12.85817531057549,2.1651982378854626,2.0,77330,404.19666666666666,1.0,121259,154,0,0.0,0.0,0,0,0.0,0.0,0,265237,1360.3633333333332,4.0,408109,0,0.0,0.0,0,Partition(BranchingPartition),success,10.40812,none,454,HTD,,0.021217,23,,,,,,,none,PartitionTreedec,10.440544
,,,,,,,none,alpha=2.5 d=1 deg=10 ple=2.5 seed=1274 type=girg,,2520,495,500,GirgGen,0.008682,,,,,,,,,,,,,,,,,,,,,,,,,,,,,,,,,,,,,,,,,,,,,,,,,,,,,,,,,,,,,,,none,6,10.07681559705083,2.1276102088167055,2.0,610,2.9929328621908127,1.0,847,148,0,0.0,0.0,0,0,0.0,0.0,0,2031,9.010600706713781,2.0,2550,4,0.8374558303886925,1.0,237,Partition(BranchingPartition),success,0.130626,none,431,HTD,,0.01971,16,,,,,,,none,PartitionTreedec,0.161091
,,,,,,,none,alpha=2.5 d=1 deg=10 ple=2.5 seed=1274 type=girg,,2520,495,500,GirgGen,0.008311,,,,,,,,,,,,,,,,,,,,,,,,,,,,,,,,,,,,,,,,,,,,,,,,,,,,,,,,,,,,,,,none,6,10.07681559705083,2.1276102088167055,2.0,149,1.3639575971731448,1.0,386,148,0,0.0,0.0,0,258,0.911660777385159,0.0,258,614,4.003533568904594,2.0,1133,4,0.8374558303886925,1.0,237,Partition(BranchingPartition),success,0.161547,none,431,HTD,,0.018621,16,,,,,,,none,PartitionTreedec,0.190458
,,,,,,,none,alpha=2.5 d=1 deg=10 ple=2.5 seed=1274 type=girg,,2520,495,500,GirgGen,0.008032,,,,,,,,,,,,,,,,,,,,,,,,,,,,,,,,,,,,,,,,,,,,,,,,,,,,,,,,,,,,,,,none,6,10.07681559705083,2.1276102088167055,2.0,50,1.0141342756183747,1.0,287,148,85,0.3003533568904594,0.0,85,71,0.2508833922261484,0.0,71,248,2.7102473498233217,2.0,767,4,0.8374558303886925,1.0,237,Partition(BranchingPartition),success,0.083845,none,431,HTD,,0.019389,16,,,,,,,none,PartitionTreedec,0.11327
,,,,,,,none,alpha=2.5 d=1 deg=10 ple=2.5 seed=1274 type=girg,,2520,495,500,GirgGen,0.007767,,,,,,,,,,,,,,,,,,,,,,,,,,,,,,,,,,,,,,,,,,,,,,,,,,,,,,,,,,,,,,,none,6,10.07681559705083,2.0719257540603246,2.0,149,4.3144876325088335,1.0,1221,148,0,0.0,0.0,0,258,4.614840989399293,0.0,1306,614,18.12367491166078,4.0,5129,0,0.0,0.0,0,Partition(BranchingPartition),success,0.197701,none,431,HTD,,0.033335,16,,,,,,,none,PartitionTreedec,0.240767
,,,,,,,none,alpha=2.5 d=1 deg=10 ple=2.5 seed=1274 type=girg,,2520,495,500,GirgGen,0.008279,,,,,,,,,,,,,,,,,,,,,,,,,,,,,,,,,,,,,,,,,,,,,,,,,,,,,,,,,,,,,,,none,6,10.07681559705083,2.0719257540603246,2.0,610,10.081272084805654,1.0,2853,148,0,0.0,0.0,0,0,0.0,0.0,0,2031,36.69257950530035,4.0,10384,0,0.0,0.0,0,Partition(BranchingPartition),success,0.331972,none,431,HTD,,0.104555,16,,,,,,,none,PartitionTreedec,0.44679
,,,,,,,none,alpha=2.5 d=1 deg=10 ple=2.5 seed=1274 type=girg,,2520,495,500,GirgGen,0.008999,,,,,,,,,,,,,,,,,,,,,,,,,,,,,,,,,,,,,,,,,,,,,,,,,,,,,,,,,,,,,,,none,6,10.07681559705083,2.0719257540603246,2.0,50,2.3286219081272086,1.0,659,148,85,1.8268551236749118,0.0,517,71,1.812720848056537,0.0,513,248,11.035335689045937,4.0,3123,0,0.0,0.0,0,Partition(BranchingPartition),success,0.156277,none,431,HTD,,0.019527,16,,,,,,,none,PartitionTreedec,0.186864
,,,,,,,none,alpha=2.5 d=1 deg=10 ple=2.5 seed=1275 type=girg,,2480,496,500,GirgGen,0.008585,,,,,,,,,,,,,,,,,,,,,,,,,,,,,,,,,,,,,,,,,,,,,,,,,,,,,,,,,,,,,,,none,11,15.29920801838728,2.5762331838565022,2.0,20449,66.33850931677019,1.0,21361,124,0,0.0,0.0,0,56161,177.3913043478261,0.0,57120,96770,309.7919254658385,2.0,99753,7,1.2763975155279503,1.0,411,Partition(BranchingPartition),success,2.501174,none,446,HTD,,0.019975,21,,,,,,,none,PartitionTreedec,2.531841
,,,,,,,none,alpha=2.5 d=1 deg=10 ple=2.5 seed=1275 type=girg,,2480,496,500,GirgGen,0.021154,,,,,,,,,,,,,,,,,,,,,,,,,,,,,,,,,,,,,,,,,,,,,,,,,,,,,,,,,,,,,,,none,11,15.29920801838728,2.5762331838565022,2.0,9660,32.48136645962733,1.0,10459,124,2635,8.341614906832298,0.0,2686,3447,11.583850931677018,0.0,3730,35902,118.46894409937889,2.0,38147,7,1.2763975155279503,1.0,411,Partition(BranchingPartition),success,1.169749,none,446,HTD,,0.018735,21,,,,,,,none,PartitionTreedec,1.211712
,,,,,,,none,alpha=2.5 d=1 deg=10 ple=2.5 seed=1275 type=girg,,2480,496,500,GirgGen,0.008119,,,,,,,,,,,,,,,,,,,,,,,,,,,,,,,,,,,,,,,,,,,,,,,,,,,,,,,,,,,,,,,none,11,15.29920801838728,2.4641255605381165,2.0,9660,43.43788819875776,1.0,13987,124,2635,15.900621118012422,0.0,5120,3447,23.720496894409937,0.0,7638,35902,168.3198757763975,5.0,54199,0,0.0,0.0,0,Partition(BranchingPartition),success,1.59414,none,446,HTD,,0.019388,21,,,,,,,none,PartitionTreedec,1.623689
,,,,,,,none,alpha=2.5 d=1 deg=10 ple=2.5 seed=1275 type=girg,,2480,496,500,GirgGen,0.008066,,,,,,,,,,,,,,,,,,,,,,,,,,,,,,,,,,,,,,,,,,,,,,,,,,,,,,,,,,,,,,,none,11,15.29920801838728,2.4641255605381165,2.0,20449,89.2080745341615,1.0,28725,124,0,0.0,0.0,0,56161,224.56211180124222,0.0,72309,96770,410.6149068322981,5.0,132218,0,0.0,0.0,0,Partition(BranchingPartition),success,3.43435,none,446,HTD,,0.01899,21,,,,,,,none,PartitionTreedec,3.463423
,,,,,,,none,alpha=2.5 d=1 deg=10 ple=2.5 seed=1275 type=girg,,2480,496,500,GirgGen,0.008458,,,,,,,,,,,,,,,,,,,,,,,,,,,,,,,,,,,,,,,,,,,,,,,,,,,,,,,,,,,,,,,none,9,-1,9.0,9.0,482675,482675.0,482675.0,482675,0,0,0.0,0.0,0,0,0.0,0.0,0,1495976,1495976.0,1495976.0,1495976,0,0.0,0.0,0,Partition(BranchingPartition),timeout,218.724167,none,446,HTD,,0.054229,21,,,,,,,none,PartitionTreedec,218.78882
,,,,,,,none,alpha=2.5 d=1 deg=10 ple=2.5 seed=1275 type=girg,,2480,496,500,GirgGen,0.011417,,,,,,,,,,,,,,,,,,,,,,,,,,,,,,,,,,,,,,,,,,,,,,,,,,,,,,,,,,,,,,,none,9,-1,9.0,9.0,482675,482675.0,482675.0,482675,0,0,0.0,0.0,0,0,0.0,0.0,0,1495976,1495976.0,1495976.0,1495976,0,0.0,0.0,0,Partition(BranchingPartition),timeout,219.066171,none,446,HTD,,0.018474,21,,,,,,,none,PartitionTreedec,219.097965
,,,,,,,none,alpha=2.5 d=1 deg=10 ple=2.5 seed=1276 type=girg,,2453,498,500,GirgGen,0.009078,,,,,,,,,,,,,,,,,,,,,,,,,,,,,,,,,,,,,,,,,,,,,,,,,,,,,,,,,,,,,,,none,9,14.813781191217037,2.4529540481400436,2.0,1510,5.478134110787172,1.0,1879,114,0,0.0,0.0,0,7647,22.294460641399418,0.0,7647,9511,29.801749271137027,2.0,10222,7,1.075801749271137,1.0,369,Partition(BranchingPartition),success,0.340163,none,457,HTD,,0.023203,23,,,,,,,none,PartitionTreedec,0.374643
,,,,,,,none,alpha=2.5 d=1 deg=10 ple=2.5 seed=1276 type=girg,,2453,498,500,GirgGen,0.008293,,,,,,,,,,,,,,,,,,,,,,,,,,,,,,,,,,,,,,,,,,,,,,,,,,,,,,,,,,,,,,,none,9,14.813781191217037,2.4529540481400436,2.0,313,1.9883381924198251,1.0,682,114,583,1.6997084548104957,0.0,583,901,2.626822157434402,0.0,901,2061,8.081632653061224,2.0,2772,7,1.075801749271137,1.0,369,Partition(BranchingPartition),success,0.16187,none,457,HTD,,0.020129,23,,,,,,,none,PartitionTreedec,0.192275
,,,,,,,none,alpha=2.5 d=1 deg=10 ple=2.5 seed=1276 type=girg,,2453,498,500,GirgGen,0.009284,,,,,,,,,,,,,,,,,,,,,,,,,,,,,,,,,,,,,,,,,,,,,,,,,,,,,,,,,,,,,,,none,9,14.813781191217037,2.3457330415754925,2.0,313,6.425655976676385,1.0,2204,114,583,7.317784256559767,0.0,2510,901,10.650145772594753,0.0,3653,2061,33.291545189504376,4.0,11419,0,0.0,0.0,0,Partition(BranchingPartition),success,0.438848,none,457,HTD,,0.021774,23,,,,,,,none,PartitionTreedec,0.472046
,,,,,,,none,alpha=2.5 d=1 deg=10 ple=2.5 seed=1276 type=girg,,2453,498,500,GirgGen,0.008132,,,,,,,,,,,,,,,,,,,,,,,,,,,,,,,,,,,,,,,,,,,,,,,,,,,,,,,,,,,,,,,none,9,14.813781191217037,2.3457330415754925,2.0,1510,16.962099125364432,1.0,5818,114,0,0.0,0.0,0,7647,51.533527696793,0.0,17676,9511,85.17784256559767,4.0,29216,0,0.0,0.0,0,Partition(BranchingPartition),success,0.867984,none,457,HTD,,0.020688,23,,,,,,,none,PartitionTreedec,0.898765
,,,,,,,none,alpha=2.5 d=1 deg=10 ple=2.5 seed=1276 type=girg,,2453,498,500,GirgGen,0.00881,,,,,,,,,,,,,,,,,,,,,,,,,,,,,,,,,,,,,,,,,,,,,,,,,,,,,,,,,,,,,,,none,-1.0,-1,nan,nan,-1,-1,-1,-1,0,-1,-1,-1,-1,-1,-1,-1,-1,-1,-1,-1,-1,-1,-1,-1,-1,Partition(BranchingPartition),timeout,180.002296,none,457,HTD,,0.020208,23,,,,,,,none,PartitionTreedec,180.038263
,,,,,,,none,alpha=2.5 d=1 deg=10 ple=2.5 seed=1276 type=girg,,2453,498,500,GirgGen,0.008582,,,,,,,,,,,,,,,,,,,,,,,,,,,,,,,,,,,,,,,,,,,,,,,,,,,,,,,,,,,,,,,none,-1.0,-1,nan,nan,-1,-1,-1,-1,0,-1,-1,-1,-1,-1,-1,-1,-1,-1,-1,-1,-1,-1,-1,-1,-1,Partition(BranchingPartition),timeout,180.002304,none,457,HTD,,0.055972,23,,,,,,,none,PartitionTreedec,180.069955
,,,,,,,none,alpha=2.5 d=1 deg=10 ple=2.5 seed=1277 type=girg,,2406,499,500,GirgGen,0.012104,,,,,,,,,,,,,,,,,,,,,,,,,,,,,,,,,,,,,,,,,,,,,,,,,,,,,,,,,,,,,,,none,9,16.299208018387276,2.6270022883295194,2.0,7878,25.708978328173373,1.0,8304,114,2513,7.780185758513932,0.0,2513,6610,20.46439628482972,0.0,6610,31941,101.20433436532508,2.0,32689,7,1.3188854489164086,1.0,426,Partition(BranchingPartition),success,1.012293,none,437,HTD,,0.01914,26,,,,,,,none,PartitionTreedec,1.045507
,,,,,,,none,alpha=2.5 d=1 deg=10 ple=2.5 seed=1277 type=girg,,2406,499,500,GirgGen,0.007969,,,,,,,,,,,,,,,,,,,,,,,,,,,,,,,,,,,,,,,,,,,,,,,,,,,,,,,,,,,,,,,none,9,16.299208018387276,2.6270022883295194,2.0,12151,38.93808049535604,1.0,12577,114,0,0.0,0.0,0,26567,82.25077399380805,0.0,26567,54984,172.54489164086687,2.0,55732,7,1.3188854489164086,1.0,426,Partition(BranchingPartition),success,1.530456,none,437,HTD,,0.019004,26,,,,,,,none,PartitionTreedec,1.559375
,,,,,,,none,alpha=2.5 d=1 deg=10 ple=2.5 seed=1277 type=girg,,2406,499,500,GirgGen,0.008054,,,,,,,,,,,,,,,,,,,,,,,,,,,,,,,,,,,,,,,,,,,,,,,,,,,,,,,,,,,,,,,none,9,16.299208018387276,2.517162471395881,2.0,7878,41.4922600619195,1.0,13402,114,2513,26.690402476780186,0.0,8621,6610,49.73684210526316,0.0,16065,31941,182.87306501547988,4.0,59068,0,0.0,0.0,0,Partition(BranchingPartition),success,1.768629,none,437,HTD,,0.018789,26,,,,,,,none,PartitionTreedec,1.797476
,,,,,,,none,alpha=2.5 d=1 deg=10 ple=2.5 seed=1277 type=girg,,2406,499,500,GirgGen,0.009071,,,,,,,,,,,,,,,,,,,,,,,,,,,,,,,,,,,,,,,,,,,,,,,,,,,,,,,,,,,,,,,none,9,16.299208018387276,2.517162471395881,2.0,12151,83.69040247678019,1.0,27032,114,0,0.0,0.0,0,26567,202.04024767801857,0.0,65259,54984,378.40247678018574,4.0,122224,0,0.0,0.0,0,Partition(BranchingPartition),success,3.223361,none,437,HTD,,0.019189,26,,,,,,,none,PartitionTreedec,3.253738
,,,,,,,none,alpha=2.5 d=1 deg=10 ple=2.5 seed=1277 type=girg,,2406,499,500,GirgGen,0.018064,,,,,,,,,,,,,,,,,,,,,,,,,,,,,,,,,,,,,,,,,,,,,,,,,,,,,,,,,,,,,,,none,-1.0,-1,nan,nan,-1,-1,-1,-1,0,-1,-1,-1,-1,-1,-1,-1,-1,-1,-1,-1,-1,-1,-1,-1,-1,Partition(BranchingPartition),timeout,180.002423,none,437,HTD,,0.018558,26,,,,,,,none,PartitionTreedec,180.042026
,,,,,,,none,alpha=2.5 d=1 deg=10 ple=2.5 seed=1277 type=girg,,2406,499,500,GirgGen,0.008622,,,,,,,,,,,,,,,,,,,,,,,,,,,,,,,,,,,,,,,,,,,,,,,,,,,,,,,,,,,,,,,none,-1.0,-1,nan,nan,-1,-1,-1,-1,0,-1,-1,-1,-1,-1,-1,-1,-1,-1,-1,-1,-1,-1,-1,-1,-1,Partition(BranchingPartition),timeout,180.002709,none,437,HTD,,0.019513,26,,,,,,,none,PartitionTreedec,180.034187
